"","Package","LibPath","Version","Priority","Depends","Imports","LinkingTo","Suggests","Enhances","License","License_is_FOSS","License_restricts_use","OS_type","MD5sum","NeedsCompilation","Built"
"manipulate","manipulate","H:/MY DOCUMENTS/R/win-library/3.1","0.98.1091",NA,"R (>= 2.10.0)",NA,NA,"graphics, grid, lattice, ggplot2",NA,"",NA,NA,NA,NA,NA,"3.1.2"
"rstudio","rstudio","H:/MY DOCUMENTS/R/win-library/3.1","0.98.1091",NA,"R (>= 2.10.0)","utils",NA,NA,NA,"",NA,NA,NA,NA,NA,"3.1.2"
"abind","abind","C:/Program Files/R/R-3.1.2/library","1.4-0",NA,"R (>= 1.5.0)",NA,NA,NA,NA,"LGPL (>= 2)",NA,NA,NA,NA,NA,"3.1.2"
"ade4","ade4","C:/Program Files/R/R-3.1.2/library","1.6-2",NA,"R (>= 2.10)",NA,NA,"waveslim, splancs, MASS, maptools, spdep, pixmap, ape,
deldir, ade4TkGUI",NA,"GPL (>= 2)",NA,NA,NA,NA,"yes","3.1.2"
"ADGofTest","ADGofTest","C:/Program Files/R/R-3.1.2/library","0.3",NA,NA,NA,NA,NA,NA,"GPL",NA,NA,NA,NA,NA,"3.1.2"
"Amelia","Amelia","C:/Program Files/R/R-3.1.2/library","1.7.3",NA,"R (>= 3.0.2), Rcpp (>= 0.11)","foreign, utils","Rcpp (>= 0.11), RcppArmadillo","tcltk, Zelig",NA,"GPL (>= 2)",NA,NA,NA,NA,"yes","3.1.2"
"arm","arm","C:/Program Files/R/R-3.1.2/library","1.7-07",NA,"R (>= 3.0.0), MASS, Matrix (>= 1.0), stats, lme4 (>= 1.0)","abind, methods, coda, nlme",NA,NA,NA,"GPL (>= 2)",NA,NA,NA,NA,"no","3.1.2"
"base","base","C:/Program Files/R/R-3.1.2/library","3.1.2","base",NA,NA,NA,NA,NA,"Part of R 3.1.2",NA,NA,NA,NA,NA,"3.1.2"
"bit","bit","C:/Program Files/R/R-3.1.2/library","1.1-12",NA,"R (>= 2.9.2)",NA,NA,NA,NA,"GPL-2",NA,NA,NA,NA,"yes","3.1.2"
"bitops","bitops","C:/Program Files/R/R-3.1.2/library","1.0-6",NA,NA,NA,NA,NA,NA,"GPL (>= 2)",NA,NA,NA,NA,"yes","3.1.2"
"boot","boot","C:/Program Files/R/R-3.1.2/library","1.3-13","recommended","R (>= 3.0.0), graphics, stats",NA,NA,"MASS, survival",NA,"Unlimited",NA,NA,NA,NA,"no","3.1.2"
"brew","brew","C:/Program Files/R/R-3.1.2/library","1.0-6",NA,NA,NA,NA,NA,NA,"GPL-2",NA,NA,NA,NA,NA,"3.1.2"
"cairoDevice","cairoDevice","C:/Program Files/R/R-3.1.2/library","2.20",NA,"R (>= 2.12.0)","grDevices",NA,NA,NA,"GPL",NA,NA,NA,NA,"yes","3.1.2"
"car","car","C:/Program Files/R/R-3.1.2/library","2.0-22",NA,"R (>= 2.14.0), stats, graphics","MASS, nnet",NA,"alr4, boot, leaps, lme4, lmtest, Matrix, MatrixModels, mgcv,
nlme, pbkrtest (>= 0.3-2), quantreg, rgl (>= 0.93.960),
sandwich, SparseM, survival, survey",NA,"GPL (>= 2)",NA,NA,NA,NA,"no","3.1.2"
"cat","cat","C:/Program Files/R/R-3.1.2/library","0.0-6.5",NA,NA,NA,NA,NA,NA,"file LICENSE",NA,"no",NA,NA,"yes","3.1.2"
"chron","chron","C:/Program Files/R/R-3.1.2/library","2.3-45",NA,"R (>= 2.12.0)","graphics, stats",NA,"scales, ggplot2","zoo","GPL-2",NA,NA,NA,NA,"yes","3.1.2"
"class","class","C:/Program Files/R/R-3.1.2/library","7.3-11","recommended","R (>= 3.0.0), stats, utils","MASS",NA,NA,NA,"GPL-2 | GPL-3",NA,NA,NA,NA,"yes","3.1.2"
"classInt","classInt","C:/Program Files/R/R-3.1.2/library","0.1-21",NA,"R (>= 2.2)","grDevices, stats, e1071, class",NA,NA,NA,"GPL (>= 2)",NA,NA,NA,NA,"yes","3.1.2"
"cluster","cluster","C:/Program Files/R/R-3.1.2/library","1.15.3","recommended","R (>= 2.12.0), stats, utils","graphics, grDevices",NA,"MASS",NA,"GPL (>= 2)",NA,NA,NA,NA,"yes","3.1.2"
"coda","coda","C:/Program Files/R/R-3.1.2/library","0.16-1",NA,"R (>= 2.14.0), lattice",NA,NA,NA,NA,"GPL (>= 2)",NA,NA,NA,NA,NA,"3.1.2"
"codetools","codetools","C:/Program Files/R/R-3.1.2/library","0.2-9","recommended","R (>= 2.1)",NA,NA,NA,NA,"GPL",NA,NA,NA,NA,"no","3.1.2"
"CoImp","CoImp","C:/Program Files/R/R-3.1.2/library","0.2-3",NA,"R (>= 2.15.2), methods, copula","nnet, gtools, locfit",NA,NA,NA,"GPL (>= 2)",NA,NA,NA,NA,"no","3.1.2"
"colorspace","colorspace","C:/Program Files/R/R-3.1.2/library","1.2-4",NA,"R (>= 2.13.0), methods",NA,NA,"KernSmooth, MASS, kernlab, mvtnorm, vcd, tcltk, dichromat",NA,"BSD_3_clause + file LICENSE",NA,NA,NA,NA,"yes","3.1.2"
"compiler","compiler","C:/Program Files/R/R-3.1.2/library","3.1.2","base",NA,NA,NA,NA,NA,"Part of R 3.1.2",NA,NA,NA,NA,NA,"3.1.2"
"copula","copula","C:/Program Files/R/R-3.1.2/library","0.999-12",NA,"R (>= 2.15.2)","stats, graphics, methods, stats4, Matrix, lattice, gsl,
ADGofTest, stabledist (>= 0.6-4), mvtnorm, pspline",NA,"MASS, KernSmooth, sfsmisc, bbmle, scatterplot3d, Rmpfr,
partitions, polynom, rugarch, colorspace, mvnormtest, tseries,
zoo","nor1mix","GPL (>= 3) | file LICENCE",NA,NA,NA,NA,"yes","3.1.2"
"corrplot","corrplot","C:/Program Files/R/R-3.1.2/library","0.73",NA,NA,NA,NA,"seriation, knitr",NA,"GPL",NA,NA,NA,NA,"no","3.1.2"
"data.table","data.table","C:/Program Files/R/R-3.1.2/library","1.9.4",NA,"R (>= 2.14.0)","methods, chron, reshape2",NA,"ggplot2 (>= 0.9.0), plyr, reshape, testthat (>= 0.4), hexbin,
fastmatch, nlme, xts, bit64",NA,"GPL (>= 2)",NA,NA,NA,NA,"yes","3.1.2"
"datasets","datasets","C:/Program Files/R/R-3.1.2/library","3.1.2","base",NA,NA,NA,NA,NA,"Part of R 3.1.2",NA,NA,NA,NA,NA,"3.1.2"
"deducorrect","deducorrect","C:/Program Files/R/R-3.1.2/library","1.3-5",NA,"editrules (>= 2.5-0)",NA,NA,NA,NA,"GPL-3",NA,NA,NA,NA,"no","3.1.2"
"DEoptimR","DEoptimR","C:/Program Files/R/R-3.1.2/library","1.0-2",NA,NA,NA,NA,NA,"robustbase","GPL (>= 2)",NA,NA,NA,NA,"no","3.1.2"
"devtools","devtools","C:/Program Files/R/R-3.1.2/library","1.6.1",NA,"R (>= 3.0.2)","httr (>= 0.4), RCurl, utils, tools, methods, memoise, whisker,
evaluate, digest, rstudioapi, jsonlite",NA,"testthat (>= 0.7), roxygen2 (>= 4.0.2), BiocInstaller, Rcpp
(>= 0.10.0), MASS, rmarkdown, knitr",NA,"GPL (>= 2)",NA,NA,NA,NA,"yes","3.1.2"
"dichromat","dichromat","C:/Program Files/R/R-3.1.2/library","2.0-0",NA,"R (>= 2.10), stats",NA,NA,NA,NA,"GPL-2",NA,NA,NA,NA,NA,"3.1.2"
"digest","digest","C:/Program Files/R/R-3.1.2/library","0.6.6",NA,"R (>= 2.4.1)",NA,NA,NA,NA,"GPL-2",NA,NA,NA,NA,"yes","3.1.2"
"doParallel","doParallel","C:/Program Files/R/R-3.1.2/library","1.0.8",NA,"R (>= 2.14.0), foreach(>= 1.2.0), iterators(>= 1.0.0),
parallel, utils",NA,NA,"caret, mlbench, rpart","compiler, RUnit","GPL-2",NA,NA,NA,NA,"no","3.1.2"
"e1071","e1071","C:/Program Files/R/R-3.1.2/library","1.6-4",NA,NA,"graphics, grDevices, class",NA,"cluster, mlbench, nnet, randomForest, rpart, SparseM, xtable,
Matrix, MASS",NA,"GPL-2",NA,NA,NA,NA,"yes","3.1.2"
"Ecdat","Ecdat","C:/Program Files/R/R-3.1.2/library","0.2-7",NA,"R (>= 2.10), Ecfun",NA,NA,"car, systemfit, sem, lmtest, sandwich, gdata, RCurl, XML, tis",NA,"GPL (>= 2)",NA,NA,NA,NA,"no","3.1.2"
"Ecfun","Ecfun","C:/Program Files/R/R-3.1.2/library","0.1-3",NA,"R (>= 3.0.1)","fda, gdata, RCurl, XML, tis, jpeg, MASS, TeachingDemos",NA,"BMA, car, DescTools, Ecdat, maps, grid, gridBase, pryr",NA,"GPL (>= 2)",NA,NA,NA,NA,"no","3.1.2"
"editrules","editrules","C:/Program Files/R/R-3.1.2/library","2.7.2",NA,"R (>= 2.12.0), igraph, lpSolveAPI",NA,NA,NA,NA,"GPL-3",NA,NA,NA,NA,"no","3.1.2"
"ellipse","ellipse","C:/Program Files/R/R-3.1.2/library","0.3-8",NA,"R (>= 2.0.0),graphics,stats",NA,NA,"MASS",NA,"GPL (>= 2)",NA,NA,NA,NA,"no","3.1.2"
"Epi","Epi","C:/Program Files/R/R-3.1.2/library","1.1.67",NA,"R (>= 3.0.0), utils",NA,NA,"splines, nlme, survival, mstate, etm, MASS, cmprsk",NA,"GPL-2",NA,NA,NA,NA,"yes","3.1.2"
"evaluate","evaluate","C:/Program Files/R/R-3.1.2/library","0.5.5",NA,"R (>= 2.14.0)","stringr (>= 0.6.2)",NA,"testthat, lattice, ggplot2",NA,"GPL",NA,NA,NA,NA,"no","3.1.2"
"FactoMineR","FactoMineR","C:/Program Files/R/R-3.1.2/library","1.28",NA,"R (>= 2.12.0)","car,MASS,ellipse,lattice,cluster,scatterplot3d,leaps",NA,"missMDA,flashClust",NA,"GPL (>= 2)",NA,NA,NA,NA,"no","3.1.2"
"fastmatch","fastmatch","C:/Program Files/R/R-3.1.2/library","1.0-4",NA,NA,NA,NA,NA,NA,"GPL-2",NA,NA,NA,NA,NA,"3.1.2"
"fda","fda","C:/Program Files/R/R-3.1.2/library","2.4.4",NA,"R (>= 2.10.0), splines, Matrix, graphics",NA,NA,"deSolve, R.matlab, quadprog, nlme, lattice, RCurl, zoo",NA,"GPL (>= 2)",NA,NA,NA,NA,"no","3.1.2"
"ff","ff","C:/Program Files/R/R-3.1.2/library","2.2-13",NA,"R (>= 2.10.1), bit (>= 1.1-12), utils",NA,NA,"biglm",NA,"GPL-2 | file LICENSE",NA,NA,NA,NA,"yes","3.1.2"
"ffbase","ffbase","C:/Program Files/R/R-3.1.2/library","0.11.3",NA,"ff (>= 2.2-11), bit, R (>= 2.12.0)","fastmatch",NA,"testthat, parallel, LaF, biglm",NA,"GPL-3",NA,NA,NA,NA,"yes","3.1.2"
"FFD","FFD","C:/Program Files/R/R-3.1.2/library","1.0-2",NA,"R (>= 2.10), methods, graphics, tcltk, tkrplot, R2HTML",NA,NA,"methods",NA,"GPL (>= 2)",NA,NA,NA,NA,"yes","3.1.2"
"fGarch","fGarch","C:/Program Files/R/R-3.1.2/library","3010.82",NA,"R (>= 2.15.0), stats, graphics, methods, timeDate, timeSeries,
fBasics (>= 2100.78)",NA,NA,"RUnit, Matrix, fastICA, tcltk",NA,"GPL (>= 2)",NA,NA,NA,NA,"yes","3.1.2"
"fields","fields","C:/Program Files/R/R-3.1.2/library","7.1",NA,"R (>= 3.0), methods, spam, maps",NA,NA,NA,NA,"GPL (>= 2)",NA,NA,NA,NA,"yes","3.1.2"
"foreach","foreach","C:/Program Files/R/R-3.1.2/library","1.4.2",NA,"R (>= 2.5.0)","codetools, utils, iterators",NA,"randomForest","compiler, doMC, RUnit, doParallel","Apache License (== 2.0)",NA,NA,NA,NA,"no","3.1.2"
"foreign","foreign","C:/Program Files/R/R-3.1.2/library","0.8-61","recommended","R (>= 3.0.0), stats","methods, utils",NA,NA,NA,"GPL (>= 2)",NA,NA,NA,NA,"yes","3.1.2"
"Formula","Formula","C:/Program Files/R/R-3.1.2/library","1.1-2",NA,"R (>= 2.0.0), stats",NA,NA,NA,NA,"GPL-2 | GPL-3",NA,NA,NA,NA,"no","3.1.2"
"gdata","gdata","C:/Program Files/R/R-3.1.2/library","2.13.3",NA,"R (>= 2.13.0)","gtools",NA,"RUnit",NA,"GPL-2",NA,NA,NA,NA,"no","3.1.2"
"gee","gee","C:/Program Files/R/R-3.1.2/library","4.13-18",NA,"stats",NA,NA,"MASS",NA,"GPL-2",NA,NA,NA,NA,NA,"3.1.2"
"GGally","GGally","C:/Program Files/R/R-3.1.2/library","0.5.0",NA,"R (>= 2.14)","ggplot2 (>= 1.0.0), grid (>= 3.0.0), gtable (>= 0.1.2), plyr
(>= 1.8), reshape (>= 0.8.4), stringr (>= 0.6.2)",NA,"arm (>= 1.7), intergraph (>= 2.0-0), network (>= 1.7.2),
RColorBrewer (>= 1.0-5), scales (>= 0.2.3), scagnostics (>=
0.2-4), sna (>= 2.3-1), survival (>= 2.37-4), tnet (>= 3.0),
roxygen2 (>= 4.0.1)",NA,"GPL (>= 2.0)",NA,NA,NA,NA,"no","3.1.2"
"ggplot2","ggplot2","C:/Program Files/R/R-3.1.2/library","1.0.0",NA,"R (>= 2.14), stats, methods","plyr (>= 1.7.1), digest, grid, gtable (>= 0.1.1), reshape2,
scales (>= 0.2.3), proto, MASS",NA,"quantreg, Hmisc, mapproj, maps, hexbin, maptools, multcomp,
nlme, testthat, knitr, mgcv","sp","GPL-2",NA,NA,NA,NA,"no","3.1.2"
"graphics","graphics","C:/Program Files/R/R-3.1.2/library","3.1.2","base",NA,"grDevices",NA,NA,NA,"Part of R 3.1.2",NA,NA,NA,NA,NA,"3.1.2"
"grDevices","grDevices","C:/Program Files/R/R-3.1.2/library","3.1.2","base",NA,NA,NA,NA,NA,"Part of R 3.1.2",NA,NA,NA,NA,NA,"3.1.2"
"grid","grid","C:/Program Files/R/R-3.1.2/library","3.1.2","base",NA,"grDevices",NA,"lattice",NA,"Part of R 3.1.2",NA,NA,NA,NA,NA,"3.1.2"
"gridBase","gridBase","C:/Program Files/R/R-3.1.2/library","0.4-7",NA,"R (>= 2.3.0)","graphics, grid",NA,"lattice",NA,"GPL",NA,NA,NA,NA,"no","3.1.2"
"gsl","gsl","C:/Program Files/R/R-3.1.2/library","1.9-10",NA,"R (>= 2.10.0)",NA,NA,NA,NA,"GPL-2",NA,NA,NA,NA,"yes","3.1.2"
"gtable","gtable","C:/Program Files/R/R-3.1.2/library","0.1.2",NA,"R (>= 2.14), grid",NA,NA,"testthat, plyr",NA,"GPL-2",NA,NA,NA,NA,NA,"3.1.2"
"gtools","gtools","C:/Program Files/R/R-3.1.2/library","3.4.1",NA,NA,NA,NA,NA,NA,"LGPL-2.1",NA,NA,NA,NA,"yes","3.1.2"
"hbsae","hbsae","C:/Program Files/R/R-3.1.2/library","1.0",NA,"R (>= 2.10)","Matrix, arm",NA,NA,NA,"GPL-3",NA,NA,NA,NA,NA,"3.1.2"
"highr","highr","C:/Program Files/R/R-3.1.2/library","0.4",NA,NA,NA,NA,"knitr, testit",NA,"GPL",NA,NA,NA,NA,"no","3.1.2"
"Hmisc","Hmisc","C:/Program Files/R/R-3.1.2/library","3.14-6",NA,"methods, grid, lattice, survival (>= 2.37-6), Formula","latticeExtra, cluster, rpart, nnet, acepack, foreign",NA,"chron, rms, mice, tables",NA,"GPL (>= 2)",NA,NA,NA,NA,"yes","3.1.2"
"htmltools","htmltools","C:/Program Files/R/R-3.1.2/library","0.2.6",NA,"R (>= 2.14.1)","utils, digest",NA,"markdown, testthat","knitr","GPL (>= 2)",NA,NA,NA,NA,"no","3.1.2"
"httpuv","httpuv","C:/Program Files/R/R-3.1.2/library","1.3.2",NA,"R (>= 2.15.1), methods","Rcpp (>= 0.11.0)","Rcpp",NA,NA,"GPL-3 | file LICENSE",NA,NA,NA,NA,"yes","3.1.2"
"httr","httr","C:/Program Files/R/R-3.1.2/library","0.5",NA,"R (>= 3.0.0)","RCurl (>= 1.95-0), stringr (>= 0.6.1), digest, tools, methods,
jsonlite",NA,"XML, testthat (>= 0.8.0), png, jpeg, httpuv, knitr",NA,"MIT + file LICENSE",NA,NA,NA,NA,"yes","3.1.2"
"IC2","IC2","C:/Program Files/R/R-3.1.2/library","1.0-1",NA,NA,NA,NA,NA,NA,"GPL-2",NA,NA,NA,NA,NA,"3.1.2"
"igraph","igraph","C:/Program Files/R/R-3.1.2/library","0.7.1",NA,"methods","Matrix",NA,"igraphdata, stats4, rgl, tcltk, graph, ape",NA,"GPL (>= 2)",NA,NA,NA,NA,"yes","3.1.0"
"ineq","ineq","C:/Program Files/R/R-3.1.2/library","0.2-13",NA,"R (>= 2.10.0)","stats, graphics, grDevices",NA,NA,NA,"GPL-2 | GPL-3",NA,NA,NA,NA,"no","3.1.2"
"iterators","iterators","C:/Program Files/R/R-3.1.2/library","1.0.7",NA,"R (>= 2.5.0), utils",NA,NA,"RUnit",NA,"Apache License (== 2.0)",NA,NA,NA,NA,"no","3.1.2"
"JoSAE","JoSAE","C:/Program Files/R/R-3.1.2/library","0.2.2",NA,"nlme",NA,NA,"lattice,xtable",NA,"GPL-2",NA,NA,NA,NA,"no","3.1.2"
"jpeg","jpeg","C:/Program Files/R/R-3.1.2/library","0.1-8",NA,"R (>= 2.9.0)",NA,NA,NA,NA,"GPL-2 | GPL-3",NA,NA,NA,NA,"yes","3.1.2"
"jsonlite","jsonlite","C:/Program Files/R/R-3.1.2/library","0.9.14",NA,"methods",NA,NA,"testthat, knitr, reshape2, httr (>= 0.4), rjson, plyr, curl",NA,"MIT + file LICENSE",NA,NA,NA,NA,"yes","3.1.2"
"KernSmooth","KernSmooth","C:/Program Files/R/R-3.1.2/library","2.23-13","recommended","R (>= 2.5.0), stats",NA,NA,"MASS",NA,"Unlimited",NA,NA,NA,NA,"yes","3.1.2"
"labeling","labeling","C:/Program Files/R/R-3.1.2/library","0.3",NA,NA,NA,NA,NA,NA,"MIT + file LICENSE | Unlimited",NA,NA,NA,NA,"no","3.1.2"
"laeken","laeken","C:/Program Files/R/R-3.1.2/library","0.4.6",NA,"R (>= 2.10.0), boot, MASS",NA,NA,NA,NA,"GPL (>= 2)",NA,NA,NA,NA,"no","3.1.2"
"lattice","lattice","C:/Program Files/R/R-3.1.2/library","0.20-29","recommended","R (>= 2.15.1)","grid, grDevices, graphics, stats, utils",NA,"KernSmooth, MASS","chron","GPL (>= 2)",NA,NA,NA,NA,"yes","3.1.2"
"latticeExtra","latticeExtra","C:/Program Files/R/R-3.1.2/library","0.6-26",NA,"R (>= 2.10.0), RColorBrewer, lattice (>= 0.18-1)","grid",NA,"maps, mapproj, deldir, tripack, quantreg, zoo, MASS, mgcv",NA,"GPL (>= 2)",NA,NA,NA,NA,"no","3.1.2"
"lavaan","lavaan","C:/Program Files/R/R-3.1.2/library","0.5-17",NA,"R(>= 2.14.0), methods","stats4, stats, graphics, MASS, mnormt, pbivnorm, quadprog",NA,"lavaan.survey, semPlot, semTools, simsem",NA,"GPL (>= 2)",NA,NA,NA,NA,"no","3.1.2"
"lavaan.survey","lavaan.survey","C:/Program Files/R/R-3.1.2/library","1.1",NA,"R(>= 2.14.0), lavaan(>= 0.5-13), survey(>= 3.29-4)","MASS, Matrix",NA,NA,NA,"GPL (>= 2)",NA,NA,NA,NA,"no","3.1.2"
"leaps","leaps","C:/Program Files/R/R-3.1.2/library","2.9",NA,"",NA,NA,"biglm",NA,"GPL (>= 2)",NA,NA,NA,NA,NA,"3.1.2"
"lme4","lme4","C:/Program Files/R/R-3.1.2/library","1.1-7",NA,"R (>= 2.15.1), Matrix (>= 1.1.1), methods, stats, Rcpp (>=
0.10.5)","graphics, grid, splines, parallel, MASS, nlme, lattice, minqa
(>= 1.1.15), nloptr","Rcpp, RcppEigen","knitr, boot, PKPDmodels, MEMSS, testthat (>= 0.8.1), ggplot2,
mlmRev, optimx (>= 2013.8.6), gamm4, pbkrtest",NA,"GPL (>= 2)",NA,NA,NA,NA,"yes","3.1.2"
"locfit","locfit","C:/Program Files/R/R-3.1.2/library","1.5-9.1",NA,"R (>= 2.0.1)","lattice",NA,"akima, gam",NA,"GPL (>= 2)",NA,NA,NA,NA,"yes","3.1.2"
"lpSolve","lpSolve","C:/Program Files/R/R-3.1.2/library","5.6.10",NA,NA,NA,NA,NA,NA,"LGPL-2",NA,NA,NA,NA,"yes","3.1.2"
"lpSolveAPI","lpSolveAPI","C:/Program Files/R/R-3.1.2/library","5.5.2.0-14",NA,NA,NA,NA,NA,NA,"LGPL-2",NA,NA,NA,NA,"yes","3.1.2"
"lsmeans","lsmeans","C:/Program Files/R/R-3.1.2/library","2.13",NA,"methods, R (>= 3.0)","multcomp, plyr, Matrix",NA,"pbkrtest (>= 0.4-1), lattice, multcompView, car, mediation,
ordinal","afex, coxme, gee, geepack, glmmADMB, lme4, MASS, nlme,
survival","GPL-2",NA,NA,NA,NA,"no","3.1.2"
"manipulate","manipulate","C:/Program Files/R/R-3.1.2/library","0.98.1091",NA,"R (>= 2.10.0)",NA,NA,"graphics, grid, lattice, ggplot2",NA,"",NA,NA,NA,NA,NA,"3.1.2"
"maps","maps","C:/Program Files/R/R-3.1.2/library","2.3-9",NA,"R (>= 2.10.0)",NA,NA,"mapproj (>= 1.2-0)",NA,"GPL-2",NA,NA,NA,NA,"yes","3.1.2"
"MASS","MASS","C:/Program Files/R/R-3.1.2/library","7.3-35","recommended","R (>= 3.0.0), grDevices, graphics, stats, utils",NA,NA,"lattice, nlme, nnet, survival",NA,"GPL-2 | GPL-3",NA,NA,NA,NA,"yes","3.1.2"
"MatchIt","MatchIt","C:/Program Files/R/R-3.1.2/library","2.4-21",NA,"R (>= 2.6), MASS",NA,NA,"cem, optmatch, Matching, nnet, rpart, mgcv, WhatIf",NA,"GPL (>= 2)",NA,NA,NA,NA,"no","3.1.2"
"Matrix","Matrix","C:/Program Files/R/R-3.1.2/library","1.1-4","recommended","R (>= 2.15.2), methods","graphics, grid, stats, utils, lattice",NA,"expm, MASS","MatrixModels, graph, SparseM, sfsmisc","GPL (>= 2)",NA,NA,NA,NA,"yes","3.1.2"
"memisc","memisc","C:/Program Files/R/R-3.1.2/library","0.96-10",NA,"R (>= 2.9.0), lattice, stats, methods, utils, MASS","grid",NA,"car, splines","lme4","GPL-2",NA,NA,NA,NA,"yes","3.1.2"
"memoise","memoise","C:/Program Files/R/R-3.1.2/library","0.2.1",NA,NA,"digest",NA,NA,NA,"MIT + file LICENSE",NA,NA,NA,NA,"no","3.1.2"
"methods","methods","C:/Program Files/R/R-3.1.2/library","3.1.2","base",NA,"utils",NA,NA,NA,"Part of R 3.1.2",NA,NA,NA,NA,NA,"3.1.2"
"mgcv","mgcv","C:/Program Files/R/R-3.1.2/library","1.8-4","recommended","R (>= 2.14.0), nlme (>= 3.1-64)","methods, stats, graphics, Matrix",NA,"splines, parallel, survival, MASS",NA,"GPL (>= 2)",NA,NA,NA,NA,"yes","3.1.2"
"mi","mi","C:/Program Files/R/R-3.1.2/library","0.09-19",NA,"arm (>= 1.6-07)","abind, car, foreign, lme4 (>= 0.999999-2), MASS, Matrix (>=
1.0), methods, nnet, stats, R2WinBUGS",NA,NA,NA,"GPL (>= 2)",NA,NA,NA,NA,"no","3.1.2"
"mice","mice","C:/Program Files/R/R-3.1.2/library","2.22",NA,"R (>= 2.10.0), methods, Rcpp (>= 0.10.6), lattice","MASS, nnet, randomForest, rpart","Rcpp","AGD, gamlss, lme4, mitools, nlme, pan, survival, Zelig",NA,"GPL-2 | GPL-3",NA,NA,NA,NA,"yes","3.1.2"
"micEcon","micEcon","C:/Program Files/R/R-3.1.2/library","0.6-12",NA,"R (>= 2.4.0)","miscTools (>= 0.6-1)",NA,"plm (>= 1.1-0), Ecdat (>= 0.1-5), systemfit (>= 1.0-0)",NA,"GPL (>= 2)",NA,NA,NA,NA,"no","3.1.2"
"MicSim","MicSim","C:/Program Files/R/R-3.1.2/library","1.0.6",NA,"R (>= 3.0.1), chron, snowfall, rlecuyer",NA,NA,NA,NA,"GPL-2",NA,NA,NA,NA,"no","3.1.2"
"mime","mime","C:/Program Files/R/R-3.1.2/library","0.2",NA,NA,"tools",NA,NA,NA,"GPL",NA,NA,NA,NA,"yes","3.1.2"
"MImix","MImix","C:/Program Files/R/R-3.1.2/library","1.0",NA,NA,NA,NA,"mitools",NA,"GPL-2",NA,NA,NA,NA,NA,"3.1.2"
"minqa","minqa","C:/Program Files/R/R-3.1.2/library","1.2.4",NA,NA,"Rcpp (>= 0.9.10)","Rcpp",NA,NA,"GPL-2",NA,NA,NA,NA,"yes","3.1.2"
"miscTools","miscTools","C:/Program Files/R/R-3.1.2/library","0.6-16",NA,"R (>= 2.14.0)",NA,NA,"Ecdat (>= 0.1-5)",NA,"GPL (>= 2)",NA,NA,NA,NA,"no","3.1.2"
"missMDA","missMDA","C:/Program Files/R/R-3.1.2/library","1.7.3",NA,"R (>= 3.0.0), FactoMineR (>= 1.27)",NA,NA,NA,NA,"GPL (>= 2)",NA,NA,NA,NA,"no","3.1.2"
"mitools","mitools","C:/Program Files/R/R-3.1.2/library","2.3",NA,"R (>= 2.10)",NA,NA,"RODBC, DBI, foreign",NA,"GPL-2",NA,NA,NA,NA,"no","3.1.2"
"mix","mix","C:/Program Files/R/R-3.1.2/library","1.0-8",NA,"stats",NA,NA,NA,NA,"Unlimited",NA,NA,NA,NA,NA,"3.1.2"
"mixOmics","mixOmics","C:/Program Files/R/R-3.1.2/library","5.0-3",NA,"R (>= 2.10), MASS, lattice","RGCCA, igraph, rgl, pheatmap",NA,NA,NA,"GPL (>= 2)",NA,NA,NA,NA,"no","3.1.2"
"mnormt","mnormt","C:/Program Files/R/R-3.1.2/library","1.5-1",NA,"R (>= 2.2.0)",NA,NA,NA,NA,"GPL-2 | GPL-3",NA,NA,NA,NA,"yes","3.1.2"
"multcomp","multcomp","C:/Program Files/R/R-3.1.2/library","1.3-8",NA,"stats, graphics, mvtnorm (>= 0.8-0), survival (>= 2.35-7),
TH.data (>= 1.0-2)","sandwich (>= 2.3-0)",NA,"lme4 (>= 0.999375-16), nlme, robustbase, coin, MASS, car,
foreign, xtable, lmtest, coxme (>= 2.2-1), SimComp, ISwR",NA,"GPL-2",NA,NA,NA,NA,"no","3.1.2"
"multcompView","multcompView","C:/Program Files/R/R-3.1.2/library","0.1-5",NA,"grid",NA,NA,"multcomp, pgirmess, MASS",NA,"GPL",NA,NA,NA,NA,NA,"3.1.2"
"multilevel","multilevel","C:/Program Files/R/R-3.1.2/library","2.5",NA,"R (>= 2.10), nlme, MASS",NA,NA,NA,NA,"GPL (>= 2)",NA,NA,NA,NA,"no","3.1.2"
"munsell","munsell","C:/Program Files/R/R-3.1.2/library","0.4.2",NA,NA,"colorspace",NA,"ggplot2 (>= 0.9.2)",NA,"MIT + file LICENSE",NA,NA,NA,NA,"no","3.1.2"
"mvtnorm","mvtnorm","C:/Program Files/R/R-3.1.2/library","1.0-1",NA,"R(>= 1.9.0)","stats",NA,NA,NA,"GPL-2",NA,NA,NA,NA,"yes","3.1.2"
"NestedCohort","NestedCohort","C:/Program Files/R/R-3.1.2/library","1.1-3",NA,"R (>= 2.15.2), survival, MASS",NA,NA,NA,NA,"GPL (>= 2)",NA,NA,NA,NA,NA,"3.1.2"
"nlme","nlme","C:/Program Files/R/R-3.1.2/library","3.1-118","recommended","graphics, stats, R (>= 3.0.0)","lattice",NA,"Hmisc, MASS",NA,"GPL (>= 2)",NA,NA,NA,NA,"yes","3.1.2"
"nloptr","nloptr","C:/Program Files/R/R-3.1.2/library","1.0.4",NA,NA,NA,NA,"testthat (>= 0.8.1)",NA,"LGPL-3",NA,NA,NA,NA,"yes","3.1.2"
"nnet","nnet","C:/Program Files/R/R-3.1.2/library","7.3-8","recommended","R (>= 2.14.0), stats, utils",NA,NA,"MASS",NA,"GPL-2 | GPL-3",NA,NA,NA,NA,"yes","3.1.2"
"norm","norm","C:/Program Files/R/R-3.1.2/library","1.0-9.5",NA,NA,NA,NA,NA,NA,"file LICENSE",NA,NA,NA,NA,"yes","3.1.2"
"odfWeave","odfWeave","C:/Program Files/R/R-3.1.2/library","0.8.4",NA,"R (>= 2.13.1), lattice, XML (>= 3.9-4)",NA,NA,"MASS",NA,"GPL-2",NA,NA,NA,NA,"no","3.1.2"
"odfWeave.survey","odfWeave.survey","C:/Program Files/R/R-3.1.2/library","1.0",NA,"odfWeave, survey",NA,NA,NA,NA,"GPL-2",NA,NA,NA,NA,NA,"3.1.2"
"pan","pan","C:/Program Files/R/R-3.1.2/library","0.9",NA,NA,NA,NA,"mitools, lme4",NA,"MIT + file LICENSE",NA,"no",NA,NA,"yes","3.1.2"
"parallel","parallel","C:/Program Files/R/R-3.1.2/library","3.1.2","base",NA,"tools",NA,NA,"snow, nws, Rmpi","Part of R 3.1.2",NA,NA,NA,NA,NA,"3.1.2"
"pbivnorm","pbivnorm","C:/Program Files/R/R-3.1.2/library","0.5-1",NA,NA,NA,NA,NA,NA,"GPL (>= 2)",NA,NA,NA,NA,NA,"3.1.2"
"pcaPP","pcaPP","C:/Program Files/R/R-3.1.2/library","1.9-60",NA,NA,"mvtnorm",NA,NA,NA,"GPL (>= 3)",NA,NA,NA,NA,"yes","3.1.2"
"permute","permute","C:/Program Files/R/R-3.1.2/library","0.8-3",NA,"R (>= 2.14.0)",NA,NA,"vegan (>= 2.0-0), testthat (>= 0.5), parallel",NA,"GPL-2",NA,NA,NA,NA,"no","3.1.2"
"pheatmap","pheatmap","C:/Program Files/R/R-3.1.2/library","0.7.7",NA,"R (>= 2.0)","grid, RColorBrewer",NA,NA,NA,"GPL-2",NA,NA,NA,NA,"no","3.1.2"
"plyr","plyr","C:/Program Files/R/R-3.1.2/library","1.8.1",NA,"R (>= 2.11.0)","Rcpp (>= 0.11.0)","Rcpp","abind, testthat, tcltk, foreach, doMC, itertools, iterators",NA,"MIT + file LICENSE",NA,NA,NA,NA,"yes","3.1.2"
"pps","pps","C:/Program Files/R/R-3.1.2/library","0.94",NA,NA,NA,NA,NA,NA,"GPL (>= 2)",NA,NA,NA,NA,NA,"3.1.2"
"prevR","prevR","C:/Program Files/R/R-3.1.2/library","2.9",NA,"R (>= 2.10), methods, sp, gstat, GenKern, rgdal (>= 0.7-4),
fields",NA,NA,"foreign, tcltk, geoR, maptools",NA,"CeCILL",NA,NA,NA,NA,"no","3.1.2"
"proto","proto","C:/Program Files/R/R-3.1.2/library","0.3-10",NA,NA,NA,NA,"graph, Rgraphviz",NA,"GPL-2",NA,NA,NA,NA,NA,"3.1.2"
"proxy","proxy","C:/Program Files/R/R-3.1.2/library","0.4-13",NA,"R (>= 2.4.0)",NA,NA,"cba",NA,"GPL-2",NA,NA,NA,NA,"yes","3.1.2"
"pspline","pspline","C:/Program Files/R/R-3.1.2/library","1.0-16",NA,"R (>= 2.0.0), stats, graphics",NA,NA,NA,NA,"Unlimited",NA,NA,NA,NA,"yes","3.1.2"
"psych","psych","C:/Program Files/R/R-3.1.2/library","1.4.8.11",NA,"R (>= 2.10)",NA,NA,"MASS, parallel, GPArotation, mvtnorm, sem, lavaan, Rcsdp,
graph, Rgraphviz",NA,"GPL (>= 2)",NA,NA,NA,NA,"no","3.1.2"
"psychometric","psychometric","C:/Program Files/R/R-3.1.2/library","2.2",NA,"multilevel, nlme, R(>= 2.11.0)","multilevel, nlme",NA,NA,NA,"GPL (>= 2)",NA,NA,NA,NA,NA,"3.1.2"
"pxR","pxR","C:/Program Files/R/R-3.1.2/library","0.40.0",NA,"stringr, reshape2, RJSONIO, plyr",NA,NA,NA,NA,"GPL-3",NA,NA,NA,NA,"no","3.1.2"
"quadprog","quadprog","C:/Program Files/R/R-3.1.2/library","1.5-5",NA,"R (>= 2.15.0)",NA,NA,NA,NA,"GPL (>= 2)",NA,NA,NA,NA,"yes","3.1.2"
"questionr","questionr","C:/Program Files/R/R-3.1.2/library","0.4.2",NA,"R (>= 2.10)","shiny (>= 0.10), highr, classInt, htmltools",NA,"memisc, testthat, roxygen2, R2HTML",NA,"GPL (>= 2)",NA,NA,NA,NA,"no","3.1.2"
"R2WinBUGS","R2WinBUGS","C:/Program Files/R/R-3.1.2/library","2.1-19",NA,"R (>= 2.13.0), coda (>= 0.11-0), boot",NA,NA,"BRugs (>= 0.3-2)",NA,"GPL-2",NA,NA,NA,NA,"no","3.1.2"
"R6","R6","C:/Program Files/R/R-3.1.2/library","2.0.1",NA,"R (>= 3.0)",NA,NA,"knitr, microbenchmark, pryr, testthat, ggplot2, scales",NA,"MIT + file LICENSE",NA,NA,NA,NA,"no","3.1.2"
"randomForest","randomForest","C:/Program Files/R/R-3.1.2/library","4.6-10",NA,"R (>= 2.5.0), stats",NA,NA,"RColorBrewer, MASS",NA,"GPL (>= 2)",NA,NA,NA,NA,"yes","3.1.2"
"RColorBrewer","RColorBrewer","C:/Program Files/R/R-3.1.2/library","1.1-2",NA,"R (>= 2.0.0)",NA,NA,NA,NA,"Apache License 2.0",NA,NA,NA,NA,"no","3.1.2"
"Rcpp","Rcpp","C:/Program Files/R/R-3.1.2/library","0.11.3",NA,"R (>= 3.0.0)","methods",NA,"RUnit, inline, rbenchmark, highlight, pkgKitten (>= 0.1.2)",NA,"GPL (>= 2)",NA,NA,NA,NA,"yes","3.1.2"
"RcppArmadillo","RcppArmadillo","C:/Program Files/R/R-3.1.2/library","0.4.550.1.0",NA,NA,"Rcpp (>= 0.11.0)","Rcpp","RUnit, Matrix, pkgKitten",NA,"GPL (>= 2)",NA,NA,NA,NA,"yes","3.1.2"
"RcppEigen","RcppEigen","C:/Program Files/R/R-3.1.2/library","0.3.2.3.0",NA,"R (>= 2.15.1)","Matrix (>= 1.1-0), Rcpp (>= 0.11.0)","Rcpp","inline, RUnit",NA,"GPL (>= 2) | file LICENSE",NA,NA,NA,NA,"yes","3.1.2"
"RCurl","RCurl","C:/Program Files/R/R-3.1.2/library","1.95-4.5",NA,"R (>= 3.0.0), methods, bitops",NA,NA,"Rcompression, XML",NA,"BSD",NA,NA,NA,NA,"yes","3.1.2"
"reshape","reshape","C:/Program Files/R/R-3.1.2/library","0.8.5",NA,"R (>= 2.6.1)","plyr",NA,NA,NA,"MIT + file LICENSE",NA,NA,NA,NA,"no","3.1.2"
"reshape2","reshape2","C:/Program Files/R/R-3.1.2/library","1.4.1",NA,NA,"plyr (>= 1.8.1), stringr, Rcpp","Rcpp","testthat (>= 0.8.0), lattice",NA,"MIT + file LICENSE",NA,NA,NA,NA,"yes","3.1.2"
"reweight","reweight","C:/Program Files/R/R-3.1.2/library","1.2.1",NA,NA,NA,NA,NA,NA,"GPL (>= 2)",NA,NA,NA,NA,NA,"3.1.2"
"RGCCA","RGCCA","C:/Program Files/R/R-3.1.2/library","2.0",NA,"MASS",NA,NA,NA,NA,"GPL (>= 2)",NA,NA,NA,NA,"no","3.1.2"
"rgdal","rgdal","C:/Program Files/R/R-3.1.2/library","0.9-1",NA,"R (>= 2.14.0), methods, sp (>= 1.0-9)",NA,"sp",NA,NA,"GPL (>= 2)",NA,NA,NA,NA,"yes","3.1.2"
"rgeos","rgeos","C:/Program Files/R/R-3.1.2/library","0.3-8",NA,"R (>= 2.14.0)","methods, sp (>= 1.0-12)","sp","maptools (>= 0.8-5), testthat, XML",NA,"GPL (>= 2)",NA,NA,NA,NA,"yes","3.1.2"
"rgl","rgl","C:/Program Files/R/R-3.1.2/library","0.95.1201",NA,"R (>= 2.15.0),stats,grDevices",NA,NA,"MASS, knitr, rmarkdown",NA,"GPL",NA,NA,NA,NA,"yes","3.1.2"
"Rglpk","Rglpk","C:/Program Files/R/R-3.1.2/library","0.6-0",NA,"slam (>= 0.1-9)",NA,NA,NA,NA,"GPL-2 | GPL-3",NA,NA,NA,NA,"yes","3.1.2"
"RGtk2","RGtk2","C:/Program Files/R/R-3.1.2/library","2.20.31",NA,"R (>= 2.5.0)",NA,NA,NA,NA,"GPL",NA,NA,NA,NA,"yes","3.1.2"
"rJava","rJava","C:/Program Files/R/R-3.1.2/library","0.9-6",NA,"R (>= 2.5.0), methods",NA,NA,NA,NA,"GPL-2",NA,NA,NA,NA,"yes","3.1.2"
"RJSONIO","RJSONIO","C:/Program Files/R/R-3.1.2/library","1.3-0",NA,NA,"methods",NA,NA,NA,"BSD_3_clause + file LICENSE",NA,NA,NA,NA,"yes","3.1.2"
"rmeta","rmeta","C:/Program Files/R/R-3.1.2/library","2.16",NA,"grid",NA,NA,NA,NA,"GPL-2",NA,NA,NA,NA,NA,"3.1.2"
"robCompositions","robCompositions","C:/Program Files/R/R-3.1.2/library","1.9.0",NA,"R (>= 2.10), utils, robustbase, rrcov, GGally, MASS, pls",NA,NA,NA,NA,"GPL-2",NA,NA,NA,NA,"yes","3.1.2"
"robustbase","robustbase","C:/Program Files/R/R-3.1.2/library","0.92-2",NA,"R (>= 2.15.1)","stats, graphics, utils, methods, DEoptimR",NA,"grid, MASS, lattice, boot, cluster, Matrix, robust,
fit.models, MPV, xtable, ggplot2, RColorBrewer, reshape2,
sfsmisc, catdata",NA,"GPL (>= 2)",NA,NA,NA,NA,"yes","3.1.2"
"rpart","rpart","C:/Program Files/R/R-3.1.2/library","4.1-8","recommended","R (>= 2.15.0), graphics, stats, grDevices",NA,NA,"survival",NA,"GPL-2 | GPL-3",NA,NA,NA,NA,"yes","3.1.2"
"rrcov","rrcov","C:/Program Files/R/R-3.1.2/library","1.3-8",NA,"R (>= 2.10), robustbase (>= 0.92-1), methods","stats4, mvtnorm, lattice, cluster, pcaPP",NA,"grid, mclust, MASS, ellipse",NA,"GPL (>= 2)",NA,NA,NA,NA,"yes","3.1.2"
"rrcovNA","rrcovNA","C:/Program Files/R/R-3.1.2/library","0.4-7",NA,"rrcov (>= 1.3-7), robustbase (>= 0.92-1), methods","stats4, lattice, cluster, norm",NA,"grid",NA,"GPL (>= 2)",NA,NA,NA,NA,"yes","3.1.2"
"rsae","rsae","C:/Program Files/R/R-3.1.2/library","0.1-5",NA,NA,NA,NA,"robustbase, nlme",NA,"GPL (>= 2) | FreeBSD",NA,NA,NA,NA,"yes","3.1.2"
"rstudio","rstudio","C:/Program Files/R/R-3.1.2/library","0.98.1091",NA,"R (>= 2.10.0)","utils",NA,NA,NA,"",NA,NA,NA,NA,NA,"3.1.2"
"rstudioapi","rstudioapi","C:/Program Files/R/R-3.1.2/library","0.1",NA,NA,NA,NA,NA,NA,"MIT + file LICENSE",NA,NA,NA,NA,"no","3.1.2"
"RVAideMemoire","RVAideMemoire","C:/Program Files/R/R-3.1.2/library","0.9-41",NA,NA,"ade4, boot, car, lme4 (>= 1.0-4), MASS, mixOmics (>= 5.0.2),
statmod, stats",NA,"lsmeans, ordinal, survival",NA,"GPL-2",NA,NA,NA,NA,"no","3.1.2"
"rworldmap","rworldmap","C:/Program Files/R/R-3.1.2/library","1.3-1",NA,"R (>= 2.10.0), sp","maptools, fields",NA,"rgdal, rworldxtra, RColorBrewer, classInt, cshapes, ncdf,
raster",NA,"GPL (>= 2)",NA,NA,NA,NA,"no","3.1.2"
"sampling","sampling","C:/Program Files/R/R-3.1.2/library","2.6",NA,NA,"MASS, lpSolve",NA,NA,NA,"GPL (>= 2)",NA,NA,NA,NA,"yes","3.1.2"
"samplingbook","samplingbook","C:/Program Files/R/R-3.1.2/library","1.2.0",NA,"pps, sampling, survey",NA,NA,NA,NA,"GPL (>= 2)",NA,NA,NA,NA,NA,"3.1.2"
"SamplingStrata","SamplingStrata","C:/Program Files/R/R-3.1.2/library","1.0-3",NA,"R (>= 2.15.0)",NA,NA,NA,NA,"GPL (>= 2)",NA,NA,NA,NA,"no","3.1.2"
"samplingVarEst","samplingVarEst","C:/Program Files/R/R-3.1.2/library","0.9-9",NA,"R (>= 3.0.0)",NA,NA,NA,NA,"GPL (>= 2)",NA,NA,NA,NA,"yes","3.1.2"
"sandwich","sandwich","C:/Program Files/R/R-3.1.2/library","2.3-2",NA,"R (>= 2.0.0)","stats, zoo",NA,"car, lmtest, strucchange, AER, survival, MASS, scatterplot3d",NA,"GPL-2 | GPL-3",NA,NA,NA,NA,"no","3.1.2"
"SAScii","SAScii","C:/Program Files/R/R-3.1.2/library","1.0",NA,"R (>= 2.14)",NA,NA,NA,NA,"GPL (>= 2)",NA,NA,NA,NA,NA,"3.1.2"
"SASxport","SASxport","C:/Program Files/R/R-3.1.2/library","1.5.0",NA,"R (>= 2.4.0), chron, Hmisc",NA,NA,NA,NA,"GPL-2",NA,NA,NA,NA,"yes","3.1.2"
"scales","scales","C:/Program Files/R/R-3.1.2/library","0.2.4",NA,"R (>= 2.13)","RColorBrewer, dichromat, munsell (>= 0.2), plyr (>= 1.2),
labeling, methods",NA,"testthat (>= 0.8)",NA,"MIT + file LICENSE",NA,NA,NA,NA,"no","3.1.2"
"scatterplot3d","scatterplot3d","C:/Program Files/R/R-3.1.2/library","0.3-35",NA,"R (>= 2.7.0)",NA,NA,NA,NA,"GPL-2",NA,NA,NA,NA,"no","3.1.2"
"SDaA","SDaA","C:/Program Files/R/R-3.1.2/library","0.1-3",NA,NA,NA,NA,"survey, ggplot2 (>= 0.8.2)",NA,"GPL-3",NA,NA,NA,NA,"no","3.1.2"
"sdcMicro","sdcMicro","C:/Program Files/R/R-3.1.2/library","4.4.0",NA,"R (>= 2.10), brew, knitr,data.table,xtable","car, robustbase, cluster, MASS, e1071, tools, Rcpp,
methods,sets","Rcpp","laeken",NA,"GPL-2",NA,NA,NA,NA,"yes","3.1.2"
"sdcTable","sdcTable","C:/Program Files/R/R-3.1.2/library","0.17.1",NA,"stringr, methods, Rcpp (>= 0.11.0), Rglpk, lpSolveAPI,
data.table",NA,"Rcpp","testthat (>= 0.3)",NA,"GPL (>= 2)",NA,NA,NA,NA,"yes","3.1.2"
"seasonal","seasonal","C:/Program Files/R/R-3.1.2/library","0.70.1",NA,"R (>= 2.15)",NA,NA,"shiny (>= 0.10)",NA,"GPL-3",NA,NA,NA,NA,"no","3.1.2"
"SeleMix","SeleMix","C:/Program Files/R/R-3.1.2/library","0.9.1",NA,"mvtnorm, Ecdat, xtable",NA,NA,NA,NA,"EUPL",NA,NA,NA,NA,"no","3.1.2"
"shiny","shiny","C:/Program Files/R/R-3.1.2/library","0.10.2.2",NA,"R (>= 3.0.0)","tools, utils, httpuv (>= 1.2.2), mime (>= 0.1.3), RJSONIO,
xtable, digest, htmltools (>= 0.2.6), R6 (>= 2.0)",NA,"datasets, Cairo (>= 1.5-5), testthat, knitr (>= 1.6),
markdown",NA,"GPL-3",NA,NA,NA,NA,"no","3.1.2"
"shinyapps","shinyapps","C:/Program Files/R/R-3.1.2/library","0.3.63",NA,"
R (>= 3.0.0)","
digest,
RCurl,
RJSONIO",NA,"
scrypt,
knitr,
testthat",NA,"GPL-2",NA,NA,NA,NA,NA,"3.1.2"
"simFrame","simFrame","C:/Program Files/R/R-3.1.2/library","0.5.3",NA,"R (>= 2.14.0), Rcpp (>= 0.8.6), lattice, parallel","methods, stats4","Rcpp","laeken, mvtnorm, robCompositions, sampling",NA,"GPL (>= 2)",NA,NA,NA,NA,"yes","3.1.2"
"slam","slam","C:/Program Files/R/R-3.1.2/library","0.1-32",NA,"R (>= 2.8.0)","stats",NA,NA,"Matrix, SparseM, spam","GPL-2",NA,NA,NA,NA,"yes","3.1.2"
"sms","sms","C:/Program Files/R/R-3.1.2/library","2.3",NA,"doParallel, foreach, parallel, methods, stats",NA,NA,NA,NA,"GPL-3",NA,NA,NA,NA,"no","3.1.2"
"sp","sp","C:/Program Files/R/R-3.1.2/library","1.0-16",NA,"R (>= 2.14.0)","methods, graphics, utils, lattice, grid",NA,"RColorBrewer, rgdal (>= 0.8-7), rgeos (>= 0.2-20), gstat",NA,"GPL (>= 2)",NA,NA,NA,NA,"yes","3.1.2"
"spam","spam","C:/Program Files/R/R-3.1.2/library","1.0-1",NA,"R (>= 2.15), methods, grid",NA,NA,"fields, Matrix",NA,"LGPL-2",NA,NA,NA,NA,"yes","3.1.2"
"spatial","spatial","C:/Program Files/R/R-3.1.2/library","7.3-8","recommended","R (>= 3.0.0), graphics, stats, utils",NA,NA,"MASS",NA,"GPL-2 | GPL-3",NA,NA,NA,NA,"yes","3.1.2"
"splines","splines","C:/Program Files/R/R-3.1.2/library","3.1.2","base",NA,"graphics, stats",NA,NA,NA,"Part of R 3.1.2",NA,NA,NA,NA,NA,"3.1.2"
"spsurvey","spsurvey","C:/Program Files/R/R-3.1.2/library","2.6",NA,"R (>= 2.10), sp","deldir, foreign, MASS, rgeos",NA,NA,NA,"GPL (>= 2)",NA,NA,NA,NA,"yes","3.1.2"
"stabledist","stabledist","C:/Program Files/R/R-3.1.2/library","0.6-6",NA,"R (>= 2.12.0), stats, utils",NA,NA,"Matrix, fBasics, FMStable, RUnit, Rmpfr, sfsmisc",NA,"GPL (>= 2)",NA,NA,NA,NA,"no","3.1.2"
"stargazer","stargazer","C:/Program Files/R/R-3.1.2/library","5.1",NA,NA,NA,NA,NA,"AER, betareg, brglm, dynlm, eha, erer, ergm, gee, glmx, gmm,
lfe, lme4, lmtest, MASS, mclogit, mgcv, mlogit, nlme, nnet,
ordinal, plm, pscl, quantreg, rms, relevent, robustbase,
sampleSelection, spdep, stats, survey, survival, Zelig","GPL (>= 2)",NA,NA,NA,NA,"no","3.1.2"
"StatMatch","StatMatch","C:/Program Files/R/R-3.1.2/library","1.2.2",NA,"R (>= 2.7.0), proxy, clue, survey, RANN",NA,NA,"lpSolve, MASS, Hmisc",NA,"GPL (>= 2)",NA,NA,NA,NA,"no","3.1.2"
"statmod","statmod","C:/Program Files/R/R-3.1.2/library","1.4.20",NA,"R (>= 1.6.1)",NA,NA,"MASS, tweedie",NA,"GPL-2 | GPL-3",NA,NA,NA,NA,"yes","3.1.2"
"stats","stats","C:/Program Files/R/R-3.1.2/library","3.1.2","base",NA,NA,NA,NA,NA,"Part of R 3.1.2",NA,NA,NA,NA,NA,"3.1.2"
"stats4","stats4","C:/Program Files/R/R-3.1.2/library","3.1.2","base",NA,"graphics, methods, stats",NA,NA,NA,"Part of R 3.1.2",NA,NA,NA,NA,NA,"3.1.2"
"stratification","stratification","C:/Program Files/R/R-3.1.2/library","2.2-4",NA,NA,NA,NA,NA,NA,"GPL-2",NA,NA,NA,NA,"yes","3.1.2"
"stringr","stringr","C:/Program Files/R/R-3.1.2/library","0.6.2",NA,"R (>= 2.14)",NA,NA,"testthat (>= 0.3)",NA,"GPL-2",NA,NA,NA,NA,NA,"3.1.2"
"survey","survey","C:/Program Files/R/R-3.1.2/library","3.30-3",NA,"R (>= 2.14.0), grid",NA,NA,"foreign, survival, MASS, splines, KernSmooth, hexbin,
mitools, lattice, RSQLite, RODBC, quantreg, Matrix, parallel,
CompQuadForm",NA,"GPL-2 | GPL-3",NA,NA,NA,NA,"no","3.1.2"
"survival","survival","C:/Program Files/R/R-3.1.2/library","2.37-7","recommended","stats, utils, graphics, splines, R (>= 2.13.0)",NA,NA,NA,NA,"LGPL (>= 2)",NA,NA,NA,NA,"yes","3.1.2"
"swirl","swirl","C:/Program Files/R/R-3.1.2/library","2.2.16",NA,"R (>= 3.0.2)","stringr, testthat, httr, yaml, RCurl, digest, tools",NA,NA,NA,"GPL-3",NA,NA,NA,NA,"no","3.1.2"
"tabplot","tabplot","C:/Program Files/R/R-3.1.2/library","1.1",NA,"ffbase (>= 0.11.1)","grid",NA,"shiny (>= 0.6), knitr, classInt, ggplot2",NA,"GPL-3",NA,NA,NA,NA,"no","3.1.2"
"tcltk","tcltk","C:/Program Files/R/R-3.1.2/library","3.1.2","base",NA,"utils",NA,NA,NA,"Part of R 3.1.2",NA,NA,NA,NA,NA,"3.1.2"
"TeachingDemos","TeachingDemos","C:/Program Files/R/R-3.1.2/library","2.9",NA,"R (>= 2.10)",NA,NA,"tkrplot, lattice, MASS, rgl, tcltk, tcltk2, R2wd, EBImage,
png, ggplot2, logspline, maptools",NA,"Artistic-2.0",NA,NA,NA,NA,NA,"3.1.2"
"TeachingSampling","TeachingSampling","C:/Program Files/R/R-3.1.2/library","3.2.1",NA,"R (>= 2.6.0)",NA,NA,NA,NA,"GPL (>= 2)",NA,NA,NA,NA,"no","3.1.2"
"testthat","testthat","C:/Program Files/R/R-3.1.2/library","0.9.1",NA,"R (>= 3.1.0), methods","digest",NA,"devtools",NA,"MIT + file LICENSE",NA,NA,NA,NA,"yes","3.1.2"
"TH.data","TH.data","C:/Program Files/R/R-3.1.2/library","1.0-5",NA,"R (>= 2.10.0)",NA,NA,"dplyr, gdata, plyr",NA,"GPL-3",NA,NA,NA,NA,"no","3.1.2"
"timeDate","timeDate","C:/Program Files/R/R-3.1.2/library","3011.99",NA,"R (>= 2.15.1), graphics, utils, stats, methods",NA,NA,"date, RUnit",NA,"GPL (>= 2)",NA,NA,NA,NA,"no","3.1.2"
"tis","tis","C:/Program Files/R/R-3.1.2/library","1.27",NA,"R (>= 2.3)",NA,NA,"reshape, scales","zoo, ggplot2, graphics","Unlimited",NA,NA,NA,NA,"yes","3.1.2"
"tkrplot","tkrplot","C:/Program Files/R/R-3.1.2/library","0.0-23",NA,"R (>= 2.13), grDevices, tcltk",NA,NA,NA,NA,"GPL",NA,NA,NA,NA,NA,"3.1.2"
"tmap","tmap","C:/Program Files/R/R-3.1.2/library","0.6",NA,"R (>= 3.0)","rgeos, grid, gridBase, sp, rgdal, classInt, RColorBrewer,
igraph, fields, vegan",NA,"knitr",NA,"GPL-3",NA,NA,NA,NA,"no","3.1.2"
"tools","tools","C:/Program Files/R/R-3.1.2/library","3.1.2","base",NA,NA,NA,NA,NA,"Part of R 3.1.2",NA,NA,NA,NA,NA,"3.1.2"
"translations","translations","C:/Program Files/R/R-3.1.2/library","3.1.2",NA,NA,NA,NA,NA,NA,"Part of R 3.1.2",NA,NA,NA,NA,NA,"3.1.2"
"treemap","treemap","C:/Program Files/R/R-3.1.2/library","2.2",NA,NA,"colorspace, data.table (>= 1.8.8), ggplot2, grid, gridBase,
igraph, RColorBrewer, shiny (>= 0.8.0)",NA,NA,NA,"GPL-3",NA,NA,NA,NA,"no","3.1.2"
"utils","utils","C:/Program Files/R/R-3.1.2/library","3.1.2","base",NA,NA,NA,NA,NA,"Part of R 3.1.2",NA,NA,NA,NA,NA,"3.1.2"
"vardpoor","vardpoor","C:/Program Files/R/R-3.1.2/library","0.2.0.14",NA,"R (>= 3.0.0), data.table (>= 1.9.4), laeken, stringr","reshape2, foreach, plyr, gdata, MASS",NA,NA,NA,"GPL (>= 2)",NA,NA,NA,NA,"No","3.1.2"
"vcd","vcd","C:/Program Files/R/R-3.1.2/library","1.3-2",NA,"R (>= 2.4.0), grid, stats","utils, MASS, grDevices, colorspace",NA,"KernSmooth, mvtnorm, kernlab, HSAUR, coin",NA,"GPL-2",NA,NA,NA,NA,"no","3.1.2"
"vegan","vegan","C:/Program Files/R/R-3.1.2/library","2.2-0",NA,"permute (>= 0.7-8), lattice, R (>= 2.15.0)","MASS, cluster, mgcv",NA,"parallel, tcltk",NA,"GPL-2",NA,NA,NA,NA,"yes","3.1.2"
"VGAM","VGAM","C:/Program Files/R/R-3.1.2/library","0.9-5",NA,"R (>= 3.0.0), methods, stats, stats4, splines",NA,NA,"VGAMdata, MASS",NA,"GPL-2",NA,NA,NA,NA,"yes","3.1.2"
"VIM","VIM","C:/Program Files/R/R-3.1.2/library","4.1.0",NA,"R (>= 3.1.0),colorspace,grid,data.table(>= 1.9.4)","car, grDevices, robustbase, stats, sp,
vcd,MASS,nnet,e1071,methods,Rcpp","Rcpp",NA,NA,"GPL (>= 2)",NA,NA,NA,NA,"yes","3.1.2"
"whisker","whisker","C:/Program Files/R/R-3.1.2/library","0.3-2",NA,NA,NA,NA,"markdown",NA,"GPL-3",NA,NA,NA,NA,"no","3.1.2"
"x12","x12","C:/Program Files/R/R-3.1.2/library","1.6.0",NA,"R (>= 2.14.0),stats,utils,grDevices","stringr,methods",NA,"parallel",NA,"GPL (>= 2)",NA,NA,NA,NA,"no","3.1.2"
"x12GUI","x12GUI","C:/Program Files/R/R-3.1.2/library","0.13.0",NA,"R (>= 2.14.0),stats,utils,grDevices,datasets,x12 (>= 1.3.0)","methods,Hmisc,RGtk2, cairoDevice, grid, lattice,stringr",NA,NA,NA,"GPL (>= 2)",NA,NA,NA,NA,"no","3.1.2"
"XLConnect","XLConnect","C:/Program Files/R/R-3.1.2/library","0.2-9",NA,"R (>= 2.10.0), XLConnectJars (== 0.2-9)","methods, rJava",NA,"RUnit, lattice, ggplot2 (>= 0.9.3), fImport, forecast, zoo,
scales",NA,"GPL-3",NA,NA,NA,NA,"no","3.1.2"
"XLConnectJars","XLConnectJars","C:/Program Files/R/R-3.1.2/library","0.2-9",NA,NA,"rJava",NA,NA,NA,"GPL-3",NA,NA,NA,NA,"no","3.1.2"
"XML","XML","C:/Program Files/R/R-3.1.2/library","3.98-1.1",NA,"R (>= 1.2.0), methods, utils","methods",NA,"bitops, RCurl",NA,"BSD",NA,NA,NA,NA,"yes","3.1.2"
"xtable","xtable","C:/Program Files/R/R-3.1.2/library","1.7-4",NA,"R (>= 2.10.0)",NA,NA,NA,NA,"GPL (>= 2)",NA,NA,NA,NA,"no","3.1.2"
"yaImpute","yaImpute","C:/Program Files/R/R-3.1.2/library","1.0-23",NA,"R (>= 2.11.0)",NA,NA,"vegan, ccaPP, randomForest, gam, fastICA, parallel",NA,"GPL (>= 2)",NA,NA,NA,NA,"yes","3.1.2"
"yaml","yaml","C:/Program Files/R/R-3.1.2/library","2.1.13",NA,NA,NA,NA,"testthat",NA,"BSD_3_clause + file LICENSE",NA,NA,NA,NA,"yes","3.1.2"
"zoo","zoo","C:/Program Files/R/R-3.1.2/library","1.7-11",NA,"R (>= 2.10.0), stats","utils, graphics, grDevices, lattice (>= 0.20-27)",NA,"coda, chron, DAAG, fts, its, ggplot2, mondate, scales,
strucchange, timeDate, timeSeries, tis, tseries, xts",NA,"GPL-2 | GPL-3",NA,NA,NA,NA,"yes","3.1.2"
